[{
"Curso": "Power BI Impressionador",
"Ano de Lançamento": 2016,
"Módulos Disponíveis": 26,
"Categoria": "Microsoft",
"Cursos Recomendados": ["Excel Impressionador", "SQL Impressionador"],
"Avaliação dos Alunos": 9.5
},
{
"Curso": "Python Impressionador",
"Ano de Lançamento": 2020,
"Módulos Disponíveis": 40,
"Categoria": "Programação",
"Cursos Recomendados": ["Power BI Impressionador", "SQL Impressionador"],
"Avaliação dos Alunos": 9.5
},
{
"Curso": "SQL Impressionador",
"Ano de Lançamento": 2021,
"Módulos Disponíveis": 28,
"Categoria": "Programação",
"Cursos Recomendados": ["Power BI Impressionador", "Python Impressionador"],
"Avaliação dos Alunos": 10
}
]

